id,speakerId,group,reference,terms
e1-001,speaker-a,quiet,启动无人机与无人艇协同搜索任务,
e1-002,speaker-b,quiet,暂停当前任务,
e1-003,speaker-c,quiet,恢复当前任务,
e1-004,speaker-a,quiet,停止当前任务,
e1-005,speaker-b,quiet,请开始执行海面巡检,
e1-006,speaker-c,quiet,让所有设备保持当前位置,
e1-007,speaker-a,quiet,查看当前任务运行状态,
e1-008,speaker-b,quiet,报告无人机剩余电量,
e1-009,speaker-c,quiet,报告无人艇当前航速,
e1-010,speaker-a,quiet,将搜索区域扩大到东侧海域,
e1-011,speaker-b,quiet,保持现有编队继续前进,
e1-012,speaker-c,quiet,所有设备返回初始位置,
e1-013,speaker-a,quiet,请重新规划当前航线,
e1-014,speaker-b,quiet,降低无人机飞行速度,
e1-015,speaker-c,quiet,提高无人艇巡航速度,
e1-016,speaker-a,quiet,开始执行目标跟踪,
e1-017,speaker-b,quiet,暂停目标跟踪并等待,
e1-018,speaker-c,quiet,继续执行协同编队任务,
e1-019,speaker-a,quiet,终止本次仿真运行,
e1-020,speaker-b,quiet,检查所有设备连接状态,
e1-021,speaker-c,quiet,读取最新一帧仿真结果,
e1-022,speaker-a,quiet,显示当前场景中的设备数量,
e1-023,speaker-b,quiet,请确认任务是否已经开始,
e1-024,speaker-c,quiet,请确认任务是否已经暂停,
e1-025,speaker-a,quiet,请确认任务是否已经停止,
e1-026,speaker-b,quiet,不要启动新的任务,
e1-027,speaker-c,quiet,不要暂停正在运行的任务,
e1-028,speaker-a,quiet,不要停止当前任务,
e1-029,speaker-b,quiet,先暂停任务然后等待确认,
e1-030,speaker-c,quiet,只显示识别文字不要执行动作,
e1-031,speaker-a,quiet,这是一段本地语音识别测试,
e1-032,speaker-b,quiet,请把我说的话转换成文字,
e1-033,speaker-c,quiet,今天进行无人系统联合演示,
e1-034,speaker-a,quiet,当前环境没有明显背景噪声,
e1-035,speaker-b,quiet,请记录这一段完整中文语音,
e1-036,speaker-c,quiet,识别完成后允许人工修改文字,
e1-037,speaker-a,quiet,页面刷新后不要自动重复识别,
e1-038,speaker-b,quiet,退出登录后清除旧的识别结果,
e1-039,speaker-c,quiet,本地模型不应连接云端服务,
e1-040,speaker-a,quiet,语音识别不依赖仿真场景就绪,
e1-041,speaker-b,noise,在风扇噪声下启动协同搜索,
e1-042,speaker-c,noise,在键盘声中暂停当前任务,
e1-043,speaker-a,noise,在走廊说话声中恢复当前任务,
e1-044,speaker-b,noise,在车辆背景声下停止当前任务,
e1-045,speaker-c,noise,有海浪噪声时报告无人艇位置,
e1-046,speaker-a,noise,有空调噪声时报告无人机高度,
e1-047,speaker-b,noise,在多人交谈背景下保持当前编队,
e1-048,speaker-c,noise,在音乐背景下重新规划航线,
e1-049,speaker-a,noise,在开门关门声中查看任务状态,
e1-050,speaker-b,noise,在持续白噪声下只显示识别文字,
e1-051,speaker-c,terminology,使用改进蛙跳算法计算协同航迹,改进蛙跳算法|协同航迹
e1-052,speaker-a,terminology,检查无人机和无人艇的运行时引用,无人机|无人艇|运行时引用
e1-053,speaker-b,terminology,核对运行代次与展示绑定标识,运行代次|展示绑定
e1-054,speaker-c,terminology,执行粒子群优化并输出全局最优解,粒子群优化|全局最优解
e1-055,speaker-a,terminology,验证航向角速度与经纬度遥测数据,航向角速度|经纬度|遥测
e1-056,speaker-b,terminology,检查编队控制和动态避障是否正常,编队控制|动态避障
e1-057,speaker-c,terminology,确认场景就绪挑战与帧应用回执,场景就绪|帧应用回执
e1-058,speaker-a,terminology,验证幂等请求和命令序列连续性,幂等请求|命令序列
e1-059,speaker-b,terminology,检查WebGL画面与算法状态是否一致,WebGL|算法状态
e1-060,speaker-c,terminology,记录实时因子峰值内存和九十五分位延迟,实时因子|峰值内存|九十五分位
